Laureen Cunniam,lcunniam0@yellowpages.com,Female
Roberto Emmett,remmett1@edublogs.org,Male
Zollie Keatch,zkeatch2@usatoday.com,Male
Inessa Stodhart,istodhart3@google.nl,Polygender
Dene Mccaull,dmccaull4@photobucket.com,Male
Leighton Campanelli,lcampanelli5@mapquest.com,Genderqueer
Yuma Grishelyov,ygrishelyov6@forbes.com,Male
Duffy Ewence,dewence7@sakura.ne.jp,Male
Bordie Fedoronko,bfedoronko8@disqus.com,Male
Fairlie Alsford,falsford9@squarespace.com,Male
Bernadette Linham,blinhama@berkeley.edu,Female
Archie Dorkin,adorkinb@unicef.org,Male
Broderic Courtin,bcourtinc@posterous.com,Male
Perla Frankowski,pfrankowskid@mit.edu,Female
Adolf Amys,aamyse@artisteer.com,Male
Deny Zimmermanns,dzimmermannsf@elegantthemes.com,Female
Wanda Woodus,wwoodusg@arstechnica.com,Female
Reynolds Kernocke,rkernockeh@gov.uk,Genderfluid
Ginger Lawrance,glawrancei@delicious.com,Female
Stormie Diperaus,sdiperausj@163.com,Female
Klarika McAusland,kmcauslandk@oracle.com,Female
Jade Leetham,jleethaml@vimeo.com,Female
Chaim Fenich,cfenichm@foxnews.com,Male
Enrichetta Widdowes,ewiddowesn@cargocollective.com,Female
Gerardo Momford,gmomfordo@princeton.edu,Male
Ringo Ditter,rditterp@dagondesign.com,Male
Patty Wohler,pwohlerq@tmall.com,Polygender
Kingsley Sacks,ksacksr@flavors.me,Male
Zacharia Rodder,zrodders@gov.uk,Male
Sascha Corter,scortert@google.it,Male
Riannon Benz,rbenzu@kickstarter.com,Female
Orsa McGuire,omcguirev@issuu.com,Female
Barry Mcwhinney,bmcwhinneyw@nifty.com,Male
Cheryl McGlashan,cmcglashanx@wired.com,Female
Allard De Bernardi,adey@tumblr.com,Male
Rriocard Nisby,rnisbyz@theguardian.com,Male
Hillard Sebire,hsebire10@odnoklassniki.ru,Male
Huberto Dorward,hdorward11@cnn.com,Male
Lucais Whereat,lwhereat12@google.com.br,Bigender
Rinaldo Shakspeare,rshakspeare13@mysql.com,Male
Lyell Kohnemann,lkohnemann14@free.fr,Male
Katherina Halladey,khalladey15@meetup.com,Female
Rosanna Blackboro,rblackboro16@sakura.ne.jp,Female
Ogdon Clewarth,oclewarth17@unc.edu,Male
Juline Troni,jtroni18@forbes.com,Female
Erskine Shakle,eshakle19@51.la,Male
Gamaliel Tilly,gtilly1a@jimdo.com,Genderfluid
Mahala Tersay,mtersay1b@histats.com,Female
Gonzales Guynemer,gguynemer1c@prlog.org,Non-binary
Laure Filchakov,lfilchakov1d@github.io,Female
Jodi Ferrettini,jferrettini1e@ed.gov,Male
Hewitt Stienton,hstienton1f@linkedin.com,Male
Herb Kissack,hkissack1g@homestead.com,Male
Baxy Callaway,bcallaway1h@deviantart.com,Male
Aeriela Arunowicz,aarunowicz1i@squarespace.com,Female
Reynard Osban,rosban1j@fotki.com,Male
Johannah McGarry,jmcgarry1k@marketwatch.com,Female
Letti Stickles,lstickles1l@bbc.co.uk,Female
Vergil Janatka,vjanatka1m@paginegialle.it,Male
Norean Sellstrom,nsellstrom1n@freewebs.com,Female
Shanta Ackland,sackland1o@mit.edu,Genderqueer
Buckie Hillett,bhillett1p@alexa.com,Male
Leoine Ivanishev,livanishev1q@stumbleupon.com,Agender
Helga Ruegg,hruegg1r@blinklist.com,Female
Devonna Speers,dspeers1s@hud.gov,Bigender
Dukie Van den Velden,dvan1t@newsvine.com,Male
Delmore Unsworth,dunsworth1u@go.com,Genderfluid
Loutitia Maxfield,lmaxfield1v@yellowbook.com,Female
Jeramie Melross,jmelross1w@shutterfly.com,Polygender
Brooks Skeldinge,bskeldinge1x@toplist.cz,Male
Whittaker Coviello,wcoviello1y@illinois.edu,Male
Yolanda Pagram,ypagram1z@wikispaces.com,Female
Ebeneser O'Fogarty,eofogarty20@dyndns.org,Male
Stan Como,scomo21@intel.com,Male
Dewie Hornig,dhornig22@utexas.edu,Male
Thain Shortall,tshortall23@ft.com,Male
Malinda Langdridge,mlangdridge24@privacy.gov.au,Female
Vanessa Spencley,vspencley25@xrea.com,Non-binary
Georgia Clementel,gclementel26@pen.io,Female
Ivan Tweedle,itweedle27@princeton.edu,Male
Lorilyn Dudding,ldudding28@oaic.gov.au,Female
Karlis Arniz,karniz29@de.vu,Male
Antoine Larrie,alarrie2a@geocities.com,Male
Jaclin Ridler,jridler2b@altervista.org,Female
Matilde Loud,mloud2c@photobucket.com,Female
Brod Gorst,bgorst2d@npr.org,Male
Earvin Attenbarrow,eattenbarrow2e@example.com,Male
Erhard Prendiville,eprendiville2f@digg.com,Male
Myrlene Bratt,mbratt2g@amazon.com,Female
Gregorio Bazley,gbazley2h@wix.com,Agender
Maurizio Skyner,mskyner2i@ibm.com,Male
Ezekiel Delacour,edelacour2j@nytimes.com,Male
Griff Wreak,gwreak2k@naver.com,Male
Tuck Mitchell,tmitchell2l@hhs.gov,Non-binary
Nobie Gindghill,ngindghill2m@cbsnews.com,Male
Joseph Burridge,jburridge2n@omniture.com,Male
Rickert Dyde,rdyde2o@gmpg.org,Male
Rodrigo Bartomeu,rbartomeu2p@netvibes.com,Male
Clotilda Osmant,cosmant2q@cnn.com,Female
Jock Gilardoni,jgilardoni2r@disqus.com,Male
Fairlie Liveley,fliveley2s@nba.com,Male
Riki Swanton,rswanton2t@skype.com,Female
Thatch Crayk,tcrayk2u@japanpost.jp,Male
Jeffy Hakes,jhakes2v@vkontakte.ru,Non-binary
Byrom Brimman,bbrimman2w@google.ru,Male
Chariot Pearde,cpearde2x@latimes.com,Male
Madonna Drowsfield,mdrowsfield2y@twitter.com,Female
Dukey Lacy,dlacy2z@seesaa.net,Male
Ricki Blaschek,rblaschek30@xing.com,Polygender
Maud Quainton,mquainton31@taobao.com,Female
Gustavo Vahey,gvahey32@statcounter.com,Male
Gwendolin Alywen,galywen33@360.cn,Female
Hervey Blenkiron,hblenkiron34@independent.co.uk,Male
Jasmine Hart,jhart35@bigcartel.com,Female
Christine Sleath,csleath36@google.it,Female
Karlotta Pakeman,kpakeman37@pcworld.com,Female
Stephana Pawlik,spawlik38@usatoday.com,Female
Smitty Beckley,sbeckley39@wikia.com,Male
Morgan Dopson,mdopson3a@t.co,Male
Cthrine D'Costa,cdcosta3b@google.com,Female
Elnar Leere,eleere3c@wikispaces.com,Genderqueer
Dex Diment,ddiment3d@dell.com,Male
Glory Bonefant,gbonefant3e@theglobeandmail.com,Female
Care Geeraert,cgeeraert3f@quantcast.com,Male
Cherry Cool,ccool3g@wikispaces.com,Female
Brina Clee,bclee3h@jalbum.net,Female
Hertha Mutlow,hmutlow3i@wunderground.com,Female
Arley Fakeley,afakeley3j@jigsy.com,Male
Darell Suddell,dsuddell3k@uiuc.edu,Female
Gerri Piell,gpiell3l@webnode.com,Male
Ola Portress,oportress3m@bandcamp.com,Female
Margot Salter,msalter3n@wired.com,Female
Nahum Stillmann,nstillmann3o@europa.eu,Male
Artus Poff,apoff3p@nih.gov,Male
Glyn Janway,gjanway3q@google.it,Male
Bond Giraudeau,bgiraudeau3r@jalbum.net,Male
Link Lancashire,llancashire3s@gmpg.org,Male
Merla Beahan,mbeahan3t@cpanel.net,Genderqueer
Anderson Freathy,afreathy3u@cdc.gov,Male
Berty Ciepluch,bciepluch3v@nationalgeographic.com,Female
Terrence Over,tover3w@yelp.com,Male
Kayla Wayon,kwayon3x@plala.or.jp,Female
Pepe Larn,plarn3y@earthlink.net,Male
Hamlin Karolowski,hkarolowski3z@theguardian.com,Male
Coleman Rubrow,crubrow40@etsy.com,Male
Farand Burnett,fburnett41@auda.org.au,Female
Royal Elvy,relvy42@mayoclinic.com,Male
Gay Bloxholm,gbloxholm43@yellowbook.com,Non-binary
Gladys Mulloch,gmulloch44@census.gov,Female
Wilek Amps,wamps45@hatena.ne.jp,Male
Lydie Milstead,lmilstead46@macromedia.com,Female
Herculie Longega,hlongega47@google.co.uk,Male
Hazel Hick,hhick48@clickbank.net,Male
Mathian Huskinson,mhuskinson49@yellowpages.com,Male
Farlee Sture,fsture4a@weebly.com,Male
Kikelia Dorro,kdorro4b@google.co.uk,Genderqueer
Oran Neville,oneville4c@is.gd,Male
Mason Jakubovsky,mjakubovsky4d@dailymail.co.uk,Male
Theobald Ferrulli,tferrulli4e@adobe.com,Male
Arline Keppel,akeppel4f@thetimes.co.uk,Female
Zahara Zupone,zzupone4g@naver.com,Female
Bell Cattemull,bcattemull4h@ted.com,Female
Xenia Bramer,xbramer4i@angelfire.com,Female
Alford Goggan,agoggan4j@dot.gov,Male
Alisander Skellen,askellen4k@time.com,Male
Tierney Roony,troony4l@jugem.jp,Genderfluid
Mathilda Koschek,mkoschek4m@pcworld.com,Female
Sammy Rosbottom,srosbottom4n@macromedia.com,Genderqueer
Claude Tunesi,ctunesi4o@canalblog.com,Female
Robinett Lambart,rlambart4p@netvibes.com,Female
Mal Oki,moki4q@networkadvertising.org,Male
Barri Anelay,banelay4r@huffingtonpost.com,Male
Fidela Dorant,fdorant4s@wix.com,Female
Tailor Picopp,tpicopp4t@etsy.com,Male
Rowen Skeemor,rskeemor4u@nbcnews.com,Male
Sharlene Webburn,swebburn4v@topsy.com,Female
Nora McCoughan,nmccoughan4w@acquirethisname.com,Agender
Edd O'Hanley,eohanley4x@jiathis.com,Male
Bail Tolumello,btolumello4y@microsoft.com,Male
Carolina Harbard,charbard4z@mozilla.org,Bigender
Letty Leate,lleate50@walmart.com,Female
Dannie Lavin,dlavin51@dagondesign.com,Female
Ara Ancliff,aancliff52@hostgator.com,Female
Tawnya Leads,tleads53@naver.com,Female
Jonas Algie,jalgie54@posterous.com,Male
Gracia Janousek,gjanousek55@google.ru,Female
Marlo Lemmers,mlemmers56@chronoengine.com,Male
Reube Lydall,rlydall57@statcounter.com,Male
Laetitia Metzel,lmetzel58@surveymonkey.com,Female
Wenonah Vynall,wvynall59@scientificamerican.com,Female
Patricio MacAughtrie,pmacaughtrie5a@dot.gov,Male
Licha Eliasen,leliasen5b@redcross.org,Female
Lizette Genty,lgenty5c@domainmarket.com,Female
Robinetta Ector,rector5d@webeden.co.uk,Female
Elladine Allchorne,eallchorne5e@typepad.com,Female
Huey Boxer,hboxer5f@stumbleupon.com,Male
Felicity Aisman,faisman5g@ustream.tv,Agender
Axel Del Checolo,adel5h@google.com,Male
Geoff Bonick,gbonick5i@eepurl.com,Male
Kata Woollett,kwoollett5j@freewebs.com,Female
Rick Standen,rstanden5k@washington.edu,Male
Iorgos McRobb,imcrobb5l@taobao.com,Male
Udall Prigmore,uprigmore5m@toplist.cz,Male
Marj Paniman,mpaniman5n@cargocollective.com,Female
Tomaso Hodges,thodges5o@comcast.net,Male
Pansie De Andisie,pde5p@google.com.br,Female
Nonah Syder,nsyder5q@wsj.com,Female
Antone Vedenichev,avedenichev5r@cbc.ca,Male
Marjy Edmunds,medmunds5s@sogou.com,Female
Chryste Blann,cblann5t@naver.com,Female
Lindie Standbrook,lstandbrook5u@indiatimes.com,Female
Siobhan Albin,salbin5v@latimes.com,Female
Elvira Baglan,ebaglan5w@cnn.com,Female
Bord Connell,bconnell5x@hugedomains.com,Bigender
Claiborne Sturge,csturge5y@usda.gov,Male
Marianne McGuigan,mmcguigan5z@newyorker.com,Female
Ginnie Meynell,gmeynell60@google.com.hk,Female
Pamelina McIver,pmciver61@ebay.co.uk,Agender
Barby Philipeau,bphilipeau62@shop-pro.jp,Female
Bruce Studde,bstudde63@sun.com,Male
Wadsworth Husher,whusher64@comcast.net,Male
Hollis Mordacai,hmordacai65@dion.ne.jp,Male
Koo Leechman,kleechman66@europa.eu,Female
Steffen Pawlick,spawlick67@ezinearticles.com,Male
Lavinia Duhig,lduhig68@spiegel.de,Female
Isidoro Quillinane,iquillinane69@gnu.org,Male
Averil Calcut,acalcut6a@opera.com,Male
Coop Nilles,cnilles6b@alibaba.com,Male
Bondy Broose,bbroose6c@scientificamerican.com,Male
Zia Osan,zosan6d@washingtonpost.com,Female
Raviv Pinson,rpinson6e@nationalgeographic.com,Male
Loella Hardison,lhardison6f@fema.gov,Female
Rheba Boor,rboor6g@bbc.co.uk,Female
Finn Mixer,fmixer6h@blogtalkradio.com,Male
Yancy Goosnell,ygoosnell6i@msn.com,Male
Vale Yakovl,vyakovl6j@unicef.org,Female
Emlynn Idale,eidale6k@exblog.jp,Female
Alexandros Collidge,acollidge6l@pbs.org,Male
Drud Jehan,djehan6m@1688.com,Male
Gustavo Shemming,gshemming6n@tumblr.com,Male
Paolina Preston,ppreston6o@qq.com,Female
Huntley Goudge,hgoudge6p@narod.ru,Male
Nanny Scarlet,nscarlet6q@wix.com,Female
Mari Yashunin,myashunin6r@geocities.jp,Genderfluid
Terrel Moppett,tmoppett6s@t-online.de,Male
Isabeau Chatainier,ichatainier6t@illinois.edu,Female
Willy Memmory,wmemmory6u@cafepress.com,Male
Pavia Flewitt,pflewitt6v@reddit.com,Female
Stanislas Petrolli,spetrolli6w@gov.uk,Male
Amalie Vittel,avittel6x@networksolutions.com,Female
Wallis Olivetti,wolivetti6y@example.com,Female
Arlina Napton,anapton6z@canalblog.com,Female
Neron Pantry,npantry70@usatoday.com,Male
Leoine Crotch,lcrotch71@psu.edu,Female
Chrystal Piggot,cpiggot72@4shared.com,Female
Stirling Hinrichsen,shinrichsen73@friendfeed.com,Male
Murry Berringer,mberringer74@addthis.com,Male
Garnet Taffurelli,gtaffurelli75@reddit.com,Female
Hope Landsborough,hlandsborough76@acquirethisname.com,Female
Eb Cartmale,ecartmale77@com.com,Male
Marysa Abbott,mabbott78@upenn.edu,Genderfluid
Chandal Karolewski,ckarolewski79@mlb.com,Female
Dynah Bercevelo,dbercevelo7a@nifty.com,Female
Alex Blaxton,ablaxton7b@elpais.com,Genderfluid
Armin Meads,ameads7c@businesswire.com,Male
Evaleen Wornham,ewornham7d@yolasite.com,Female
Pat McPhelimy,pmcphelimy7e@statcounter.com,Agender
Camellia Beeble,cbeeble7f@comcast.net,Female
Aime McQuillin,amcquillin7g@nationalgeographic.com,Non-binary
Sophia Dawtrey,sdawtrey7h@comsenz.com,Female
Susanetta McEwen,smcewen7i@google.com.hk,Genderfluid
Bourke Bengoechea,bbengoechea7j@dailymotion.com,Male
Fey Danilyuk,fdanilyuk7k@exblog.jp,Female
Marsiella O'Kuddyhy,mokuddyhy7l@smugmug.com,Female
Melva Faireclough,mfaireclough7m@unesco.org,Female
Silas Brogi,sbrogi7n@dell.com,Male
Rockie Gover,rgover7o@wufoo.com,Male
Harlie Caveau,hcaveau7p@mozilla.com,Female
Smith Komorowski,skomorowski7q@army.mil,Male
Roddie Sparkwill,rsparkwill7r@springer.com,Male
Pooh Campana,pcampana7s@joomla.org,Female
Amandie Collecott,acollecott7t@ustream.tv,Female
Carmita Bozward,cbozward7u@bandcamp.com,Female
Matthias Croome,mcroome7v@dion.ne.jp,Male
Elianore Cianni,ecianni7w@nyu.edu,Female
Mirna Harston,mharston7x@slate.com,Female
Elwin Sperrett,esperrett7y@dagondesign.com,Male
Myrah Allston,mallston7z@apple.com,Female
Arron Criple,acriple80@opensource.org,Male
Burtie Antalffy,bantalffy81@usatoday.com,Male
Tremain Bugby,tbugby82@weather.com,Male
Rhiamon Weatherup,rweatherup83@moonfruit.com,Polygender
Valentina Ridges,vridges84@house.gov,Female
Lisa Kieran,lkieran85@slashdot.org,Female
Daune Skains,dskains86@joomla.org,Female
Templeton Priditt,tpriditt87@t.co,Male
Donica Thorrington,dthorrington88@mtv.com,Female
Marj Burmaster,mburmaster89@java.com,Female
Zenia Arguile,zarguile8a@trellian.com,Female
Jeremie Fitzsimmons,jfitzsimmons8b@tinypic.com,Male
Philip Jaskiewicz,pjaskiewicz8c@wunderground.com,Male
Hobard Petranek,hpetranek8d@guardian.co.uk,Male
Cody Breslau,cbreslau8e@google.nl,Genderqueer
Cristi Brian,cbrian8f@nasa.gov,Female
Meagan Benion,mbenion8g@go.com,Female
Irena Esparza,iesparza8h@last.fm,Female
Brandon Shackleford,bshackleford8i@about.me,Male
Emelda Savatier,esavatier8j@mozilla.com,Female
Sutherlan Pudsey,spudsey8k@histats.com,Male
Waldon Hamshar,whamshar8l@squarespace.com,Male
Brendan Liven,bliven8m@mtv.com,Male
Stillmann Mallalieu,smallalieu8n@cnbc.com,Male
Early Sive,esive8o@disqus.com,Male
Kermy Povall,kpovall8p@discovery.com,Non-binary
Laure Van der Veldt,lvan8q@yandex.ru,Female
Ferrell Jex,fjex8r@unesco.org,Male
Edlin Cracie,ecracie8s@simplemachines.org,Male
Heddi Hallahan,hhallahan8t@blog.com,Female
Isadore Grennan,igrennan8u@ow.ly,Male
Nial Tench,ntench8v@answers.com,Male
Minna Attack,mattack8w@samsung.com,Female
Elsworth Fredi,efredi8x@opera.com,Male
Brien McErlaine,bmcerlaine8y@facebook.com,Male
Antin Nason,anason8z@walmart.com,Male
Filippa Knotton,fknotton90@ustream.tv,Female
Mickie Fallawe,mfallawe91@hibu.com,Male
Marice Lampert,mlampert92@w3.org,Female
Zachary Snary,zsnary93@arizona.edu,Male
Dulci Waggatt,dwaggatt94@ed.gov,Female
Chrisy Mitchenson,cmitchenson95@salon.com,Male
Basil Duxbarry,bduxbarry96@de.vu,Male
Derby Whitsun,dwhitsun97@senate.gov,Genderqueer
Emmy Olenikov,eolenikov98@taobao.com,Male
Nil Whisson,nwhisson99@free.fr,Male
Lemar Belderson,lbelderson9a@lulu.com,Male
Josy Londors,jlondors9b@posterous.com,Female
Gerianne Ible,gible9c@github.io,Female
Elsy Moro,emoro9d@photobucket.com,Female
Madonna Lefever,mlefever9e@cornell.edu,Female
Griffith Weadick,gweadick9f@latimes.com,Male
Leeann Hounsham,lhounsham9g@360.cn,Female
Shayne Azema,sazema9h@g.co,Male
Neile Reyne,nreyne9i@is.gd,Female
Selina Addess,saddess9j@goo.ne.jp,Female
Nan McQuillen,nmcquillen9k@geocities.jp,Female
Osmond Ivchenko,oivchenko9l@edublogs.org,Male
Mela Itzhaiek,mitzhaiek9m@pagesperso-orange.fr,Female
Melamie Denizet,mdenizet9n@state.gov,Female
Carlos Cuming,ccuming9o@360.cn,Male
Osmund Bernli,obernli9p@about.com,Male
Anette Frantzeni,afrantzeni9q@deviantart.com,Female
Marsiella Garthland,mgarthland9r@ebay.co.uk,Female
Paul Batrip,pbatrip9s@miitbeian.gov.cn,Male
Corri Tapner,ctapner9t@cdc.gov,Female
Ardyth Vaulkhard,avaulkhard9u@scientificamerican.com,Female
Pietrek Beggini,pbeggini9v@ezinearticles.com,Male
Allina Trenholm,atrenholm9w@ucoz.ru,Female
Minna Battersby,mbattersby9x@netlog.com,Female
Skipton Cowgill,scowgill9y@usatoday.com,Male
Patten Moorton,pmoorton9z@alibaba.com,Male
Casper Kirvell,ckirvella0@i2i.jp,Male
Charmaine Farans,cfaransa1@w3.org,Female
Nissy Edgecumbe,nedgecumbea2@pen.io,Female
Andrej Knottley,aknottleya3@biglobe.ne.jp,Male
Annalee Carriage,acarriagea4@webnode.com,Female
Melvyn Edler,medlera5@kickstarter.com,Male
Rad Georger,rgeorgera6@dailymail.co.uk,Male
Connor Tungay,ctungaya7@hugedomains.com,Male
Albie Boolsen,aboolsena8@reddit.com,Male
Imogen Boole,iboolea9@etsy.com,Female
Mamie Buffin,mbuffinaa@dion.ne.jp,Female
Vinni Everill,veverillab@vk.com,Female
Horton Dufoure,hdufoureac@posterous.com,Male
Chancey Ewestace,cewestacead@ezinearticles.com,Male
Robyn Moorman,rmoormanae@accuweather.com,Female
Traver Neill,tneillaf@usgs.gov,Male
Althea Vasiliu,avasiliuag@goo.gl,Female
Sholom Sambell,ssambellah@mediafire.com,Male
Jimmy Chomiszewski,jchomiszewskiai@joomla.org,Male
Tyler Pele,tpeleaj@alexa.com,Male
Karlie Woofendell,kwoofendellak@google.it,Female
Robenia Cornfield,rcornfieldal@booking.com,Female
Halsey Fellgatt,hfellgattam@cisco.com,Male
Karim Ganford,kganfordan@privacy.gov.au,Bigender
Othilia Fetherston,ofetherstonao@nyu.edu,Genderqueer
Jose Cohrs,jcohrsap@amazonaws.com,Male
Amalea Iredell,airedellaq@answers.com,Genderfluid
Astra Cuncarr,acuncarrar@hugedomains.com,Female
Levon Cowderoy,lcowderoyas@github.io,Male
Corenda Guidone,cguidoneat@cyberchimps.com,Female
Liuka Ansill,lansillau@deliciousdays.com,Female
Cher Abreheart,cabreheartav@loc.gov,Female
Graham Sayle,gsayleaw@whitehouse.gov,Male
Lily Jaxon,ljaxonax@wiley.com,Female
Tabbi Finby,tfinbyay@cnbc.com,Female
Arlyn Dyter,adyteraz@multiply.com,Female
Germaine Humberstone,ghumberstoneb0@pinterest.com,Female
Missy Franzettoini,mfranzettoinib1@amazon.com,Non-binary
Rafferty Bernakiewicz,rbernakiewiczb2@theatlantic.com,Bigender
Danette Dewerson,ddewersonb3@free.fr,Female
Jojo Sexty,jsextyb4@vinaora.com,Female
Minni Branchett,mbranchettb5@epa.gov,Female
Elli Stango,estangob6@sitemeter.com,Female
Kendricks Wadelin,kwadelinb7@fc2.com,Male
Lombard Storks,lstorksb8@last.fm,Male
Neil Dutton,nduttonb9@ovh.net,Male
Dave Coxen,dcoxenba@slideshare.net,Male
Jefferey Francis,jfrancisbb@netvibes.com,Male
Cross Jenkerson,cjenkersonbc@boston.com,Male
Casper Thunderman,cthundermanbd@businessinsider.com,Male
Ertha Elland,eellandbe@mapy.cz,Female
Fredrika Gasperi,fgasperibf@clickbank.net,Female
Nappie Belli,nbellibg@pbs.org,Male
Aimee Ginman,aginmanbh@mozilla.com,Female
Remington O'Hanlon,rohanlonbi@netlog.com,Male
Bobbye Blowing,bblowingbj@auda.org.au,Genderfluid
Jojo Gerlts,jgerltsbk@upenn.edu,Female
Yvette Antos,yantosbl@jigsy.com,Female
Janene Filliskirk,jfilliskirkbm@lulu.com,Female
Maddy Chimienti,mchimientibn@slashdot.org,Male
Doretta McMeanma,dmcmeanmabo@simplemachines.org,Female
Wylma Dennis,wdennisbp@wikia.com,Female
Chrissie Juorio,cjuoriobq@ft.com,Female
Gunilla Fassmann,gfassmannbr@nifty.com,Female
Fawnia Vinson,fvinsonbs@mtv.com,Female
Merwin Bartosinski,mbartosinskibt@yellowbook.com,Male
Ashley Plaskett,aplaskettbu@qq.com,Male
Devy Huskisson,dhuskissonbv@homestead.com,Male
Terry Shavel,tshavelbw@last.fm,Male
Pietro Zealey,pzealeybx@netlog.com,Male
Violante Saban,vsabanby@salon.com,Female
Reade Shelvey,rshelveybz@free.fr,Male
Kendrick Trigwell,ktrigwellc0@abc.net.au,Male
Rossie Gavrielli,rgavriellic1@irs.gov,Male
Frank Cuardall,fcuardallc2@bloglovin.com,Male
Natala Pocke,npockec3@china.com.cn,Female
Marion Corey,mcoreyc4@accuweather.com,Male
Augustin Fensome,afensomec5@army.mil,Agender
Gilles Fidgeon,gfidgeonc6@furl.net,Non-binary
Virgie Lovelock,vlovelockc7@telegraph.co.uk,Male
Gilli Sawkin,gsawkinc8@about.com,Female
Demott Renol,drenolc9@booking.com,Male
Everett Skyrme,eskyrmeca@scribd.com,Male
Goraud Philcox,gphilcoxcb@msu.edu,Male
Jorie Tourne,jtournecc@ask.com,Female
Towny Bernardon,tbernardoncd@redcross.org,Male
Austen Decroix,adecroixce@devhub.com,Male
Cobbie Bowers,cbowerscf@myspace.com,Male
Olia Matuskiewicz,omatuskiewiczcg@de.vu,Female
Armin Feldklein,afeldkleinch@sourceforge.net,Male
Boonie Hoxey,bhoxeyci@msu.edu,Male
Israel Leaton,ileatoncj@redcross.org,Male
Kyla Ansill,kansillck@oracle.com,Female
Moore Squirrel,msquirrelcl@sun.com,Male
Clair Bouskill,cbouskillcm@mysql.com,Male
Hussein Allington,hallingtoncn@addtoany.com,Male
Rubi Henric,rhenricco@paginegialle.it,Female
Benetta Blaxeland,bblaxelandcp@reuters.com,Female
Aldrich Briscow,abriscowcq@studiopress.com,Male
Laureen Swin,lswincr@netvibes.com,Female
Gerome Sket,gsketcs@icq.com,Male
Tammy Giacaponi,tgiacaponict@hubpages.com,Male
Batsheva Stegers,bstegerscu@scientificamerican.com,Female
Yurik Keneford,ykenefordcv@imageshack.us,Male
Ealasaid Johnson,ejohnsoncw@joomla.org,Agender
Row Scoggans,rscogganscx@skype.com,Female
Carroll Pattington,cpattingtoncy@pcworld.com,Female
Denna Gilliland,dgillilandcz@mediafire.com,Female
Alma Leibold,aleiboldd0@sciencedaily.com,Female
Alfie Coie,acoied1@disqus.com,Male
Elston Bagnell,ebagnelld2@gnu.org,Male
Sonnie Trinke,strinked3@wufoo.com,Male
Myrlene Windeatt,mwindeattd4@yelp.com,Female
Madelle Tuffs,mtuffsd5@cocolog-nifty.com,Female
Pieter Gounet,pgounetd6@scribd.com,Male
Yolande Bellam,ybellamd7@booking.com,Female
Leyla Ruppele,lruppeled8@gmpg.org,Female
Cyndie Kirkham,ckirkhamd9@gmpg.org,Genderfluid
Imojean Ghidoni,ighidonida@github.io,Female
Ganny Pelfer,gpelferdb@elpais.com,Male
Teirtza Serle,tserledc@wsj.com,Female
Biddie Maykin,bmaykindd@upenn.edu,Agender
Savina Pardi,spardide@washington.edu,Female
Winslow Flannigan,wflannigandf@sciencedaily.com,Male
Sid Benditt,sbendittdg@quantcast.com,Male
Cecil Goane,cgoanedh@squidoo.com,Male
Hattie Caseley,hcaseleydi@telegraph.co.uk,Female
Genevieve Cronin,gcronindj@state.gov,Female
Curcio Clemson,cclemsondk@newyorker.com,Male
Marwin Cammoile,mcammoiledl@seattletimes.com,Male
Julie Harkus,jharkusdm@virginia.edu,Polygender
Gamaliel Corzor,gcorzordn@unc.edu,Male
Sophia Demange,sdemangedo@webnode.com,Female
Hunfredo Avrahamov,havrahamovdp@google.fr,Male
Evangelia Vankov,evankovdq@shutterfly.com,Female
Ally Eixenberger,aeixenbergerdr@mashable.com,Female
Phillip Hoovart,phoovartds@angelfire.com,Male
Emiline Richards,erichardsdt@addtoany.com,Female
Kermit MacNish,kmacnishdu@virginia.edu,Male
Seymour Cammiemile,scammiemiledv@google.nl,Male
Aurel Renals,arenalsdw@rediff.com,Female
Sidoney Murrhardt,smurrhardtdx@xrea.com,Female
Norry Halloway,nhallowaydy@nature.com,Female
Prince Brithman,pbrithmandz@rakuten.co.jp,Male
Thalia O'Kielt,tokielte0@cnbc.com,Genderqueer
Tessy Muehler,tmuehlere1@webnode.com,Bigender
Cookie Tarrier,ctarriere2@psu.edu,Female
Ketti Luckhurst,kluckhurste3@mysql.com,Female
Marcos Bonehill,mbonehille4@mayoclinic.com,Male
Dot Deetch,ddeetche5@tripadvisor.com,Female
Shandy Mohamed,smohamede6@wp.com,Female
Myrilla Ingree,mingreee7@blogtalkradio.com,Female
Rodney Hounsham,rhounshame8@howstuffworks.com,Male
Illa Kenningley,ikenningleye9@zdnet.com,Female
Petronilla Clemetts,pclemettsea@virginia.edu,Female
Marylinda Sleightholme,msleightholmeeb@engadget.com,Female
Odessa Brundill,obrundillec@google.co.jp,Female
Francklyn Witul,fwituled@studiopress.com,Male
Dode Shales,dshalesee@instagram.com,Female
Ava Shalloo,ashallooef@photobucket.com,Female
Jenelle D'eathe,jdeatheeg@newyorker.com,Female
Billi Rissen,brisseneh@google.com.br,Female
Ade Mangeon,amangeonei@etsy.com,Male
Randell McSherry,rmcsherryej@nytimes.com,Male
Ode Bednell,obednellek@desdev.cn,Male
Delores Jentgens,djentgensel@wix.com,Female
Ferne Miguet,fmiguetem@thetimes.co.uk,Female
Vite Lownsbrough,vlownsbroughen@nydailynews.com,Male
Lorry Filon,lfiloneo@icq.com,Female
Stefano Oliveti,solivetiep@buzzfeed.com,Male
Moises Gobbett,mgobbetteq@whitehouse.gov,Male
Katine Hayhoe,khayhoeer@istockphoto.com,Female
Audie Rayment,araymentes@cpanel.net,Female
Myra Joire,mjoireet@sciencedirect.com,Female
Zelig Ughelli,zughellieu@reference.com,Male
Rog Burkin,rburkinev@surveymonkey.com,Male
Jeddy Hamm,jhammew@bloomberg.com,Male
Hugh Alliberton,hallibertonex@pen.io,Male
Sully Tandey,standeyey@wikispaces.com,Male
Eudora Aylett,eaylettez@goo.gl,Female
Katee Dumelow,kdumelowf0@mail.ru,Female
Jarret Roddy,jroddyf1@facebook.com,Polygender
Lynea Haresign,lharesignf2@elegantthemes.com,Female
Loise Moyce,lmoycef3@wunderground.com,Female
Mohammed Leys,mleysf4@blogs.com,Male
Dolly Kiezler,dkiezlerf5@dot.gov,Genderfluid
Aeriell Gionettitti,agionettittif6@walmart.com,Female
Florette Vanini,fvaninif7@topsy.com,Female
Adda Voak,avoakf8@google.ca,Female
Devy Sumpter,dsumpterf9@redcross.org,Male
Jacqui Smaile,jsmailefa@forbes.com,Female
Malchy Sawbridge,msawbridgefb@arizona.edu,Male
Maribel Lardge,mlardgefc@reuters.com,Female
Malinde Lucock,mlucockfd@wunderground.com,Female
Dody Gossage,dgossagefe@delicious.com,Female
Genevra Alpe,galpeff@salon.com,Female
Tabby Juris,tjurisfg@altervista.org,Genderqueer
Parry Conneau,pconneaufh@google.ca,Male
Had Huggard,hhuggardfi@nytimes.com,Male
Corine Amis,camisfj@clickbank.net,Female
Isa Thomazet,ithomazetfk@bloglovin.com,Female
Wash Clamp,wclampfl@java.com,Male
Penny Blitzer,pblitzerfm@pagesperso-orange.fr,Male
Pablo Luebbert,pluebbertfn@ucsd.edu,Male
Durward Kinrade,dkinradefo@businessweek.com,Male
Adella Chelley,achelleyfp@gov.uk,Female
Colman Ziemke,cziemkefq@google.de,Male
Gage McMechan,gmcmechanfr@bloomberg.com,Male
Zebulon Pollitt,zpollittfs@shutterfly.com,Male
Emmie McCarney,emccarneyft@nps.gov,Female
Harrietta Sheran,hsheranfu@un.org,Female
Tallie Unworth,tunworthfv@utexas.edu,Male
Evangeline Toy,etoyfw@toplist.cz,Female
Thaddeus Fontanet,tfontanetfx@tripadvisor.com,Male
Edik Muriel,emurielfy@google.nl,Male
Igor Allder,iallderfz@howstuffworks.com,Male
Elinor Karpov,ekarpovg0@usa.gov,Genderqueer
Rania Lloyd,rlloydg1@google.cn,Female
Ginger Drain,gdraing2@cbc.ca,Male
Lorene Beament,lbeamentg3@rambler.ru,Female
Pip Nunns,pnunnsg4@hugedomains.com,Male
Leda Pettican,lpetticang5@imdb.com,Female
Howard Kilcoyne,hkilcoyneg6@fema.gov,Male
Josepha Haddleston,jhaddlestong7@blog.com,Female
Emilie Oaten,eoateng8@businessinsider.com,Agender
Portie Beadell,pbeadellg9@furl.net,Non-binary
Wallace Utridge,wutridgega@home.pl,Male
Nikita Maypother,nmaypothergb@weather.com,Male
Greg Spadaro,gspadarogc@deliciousdays.com,Male
Bettine Conor,bconorgd@yandex.ru,Agender
Kalindi Dobrovolny,kdobrovolnyge@pagesperso-orange.fr,Female
Barbey Sabine,bsabinegf@sun.com,Female
Micheil Senechell,msenechellgg@biglobe.ne.jp,Male
Sella Gaythor,sgaythorgh@ezinearticles.com,Female
Tedda Hackly,thacklygi@addtoany.com,Female
Tabbie Robelet,trobeletgj@posterous.com,Male
Boycie Henriet,bhenrietgk@blogs.com,Male
Cissiee Brixham,cbrixhamgl@amazonaws.com,Genderqueer
Elvera Floyde,efloydegm@ucoz.ru,Female
Giacomo Moggie,gmoggiegn@prlog.org,Male
Reynard Cadany,rcadanygo@desdev.cn,Male
Trev Druery,tdruerygp@princeton.edu,Male
Noel Pickworth,npickworthgq@imgur.com,Female
Gerrie Neno,gnenogr@fotki.com,Female
Freeman Motto,fmottogs@aboutads.info,Male
Stavro Bonnick,sbonnickgt@mozilla.org,Male
Ludovico Sewley,lsewleygu@baidu.com,Male
Raffarty Wythill,rwythillgv@bloomberg.com,Male
Burt Scotchforth,bscotchforthgw@smugmug.com,Male
Buffy Ruhben,bruhbengx@vistaprint.com,Female
Kerr Briddock,kbriddockgy@hhs.gov,Male
Frederico Crosse,fcrossegz@friendfeed.com,Male
Bertie Allinson,ballinsonh0@vistaprint.com,Female
Lynde Dignon,ldignonh1@gravatar.com,Female
Emilie Ayliff,eayliffh2@privacy.gov.au,Female
Shep Hogbourne,shogbourneh3@weebly.com,Male
Jany Jakoub,jjakoubh4@fastcompany.com,Female
Oralla Linning,olinningh5@jimdo.com,Female
Laurel Preble,lprebleh6@seattletimes.com,Female
Angelika Bulter,abulterh7@ustream.tv,Female
Jackelyn How to preserve,jhowh8@posterous.com,Female
Edwina Stayt,estayth9@redcross.org,Female
Lorens Channing,lchanningha@opera.com,Bigender
Lorelei Dykes,ldykeshb@ustream.tv,Female
Vincent Gissing,vgissinghc@sitemeter.com,Agender
Dewain Deener,ddeenerhd@parallels.com,Male
Helga Duddin,hduddinhe@dion.ne.jp,Female
Doroteya Cadding,dcaddinghf@over-blog.com,Genderfluid
Fianna Sarney,fsarneyhg@prweb.com,Female
Corie Lattey,clatteyhh@google.com,Female
Micheal Colthurst,mcolthursthi@t.co,Male
Frans Suston,fsustonhj@sakura.ne.jp,Male
Anita Gascar,agascarhk@yelp.com,Female
Dayle Murtell,dmurtellhl@cloudflare.com,Female
Hobie Pochet,hpochethm@istockphoto.com,Bigender
Raquela Willers,rwillershn@google.com,Female
Gabbi Cockcroft,gcockcroftho@ox.ac.uk,Female
Garey Domanski,gdomanskihp@sciencedaily.com,Male
Adriana Phateplace,aphateplacehq@bravesites.com,Non-binary
Britney Jirieck,bjirieckhr@gnu.org,Female
Rubi Fulbrook,rfulbrookhs@constantcontact.com,Female
Montague Philipson,mphilipsonht@amazon.de,Male
Pearla Berndtssen,pberndtssenhu@wordpress.org,Female
Franciska Chretien,fchretienhv@moonfruit.com,Female
Timothee Bortol,tbortolhw@nature.com,Male
Lazar Collins,lcollinshx@wunderground.com,Male
Selinda Trimble,strimblehy@virginia.edu,Female
Dillon Vallerine,dvallerinehz@tuttocitta.it,Male
Sammy Jakoviljevic,sjakoviljevici0@soup.io,Female
Bryn Baythrop,bbaythropi1@vistaprint.com,Female
Deana Sushams,dsushamsi2@opera.com,Female
Jephthah McRuvie,jmcruviei3@psu.edu,Non-binary
Mollie Ambrosini,mambrosinii4@zimbio.com,Female
Harland Cubin,hcubini5@businessweek.com,Male
Siouxie Slyvester,sslyvesteri6@quantcast.com,Female
Kyrstin Shuter,kshuteri7@yahoo.co.jp,Polygender
Aleksandr Tuckwell,atuckwelli8@businessinsider.com,Male
Upton Burnsell,uburnselli9@sitemeter.com,Male
Maryellen Durker,mdurkeria@nps.gov,Polygender
Lonny Moorton,lmoortonib@cnn.com,Male
Doralyn Monini,dmoniniic@eepurl.com,Female
Ulric Swalough,uswaloughid@pcworld.com,Male
Katerine Tibbles,ktibblesie@cnbc.com,Female
Chadwick Lowmass,clowmassif@hud.gov,Male
Clerissa Matysiak,cmatysiakig@people.com.cn,Agender
Beck Yurin,byurinih@i2i.jp,Male
Afton McLane,amclaneii@mail.ru,Female
Man Wallis,mwallisij@blinklist.com,Male
Caritta Whitesel,cwhiteselik@accuweather.com,Female
Amalita Priter,apriteril@mapquest.com,Female
Iseabal Halligan,ihalliganim@xing.com,Female
Egon Brayn,ebraynin@mapquest.com,Male
Geneva Arcase,garcaseio@google.nl,Female
Cordy Cattonnet,ccattonnetip@de.vu,Male
Tamma Ratter,tratteriq@webeden.co.uk,Female
Eldridge Redier,eredierir@businessweek.com,Male
Shelley Martinec,smartinecis@ibm.com,Bigender
Weber Van Salzberger,wvanit@utexas.edu,Male
Mellicent O'Drought,modroughtiu@howstuffworks.com,Female
Celisse McManamon,cmcmanamoniv@un.org,Female
Meggy Domoney,mdomoneyiw@google.fr,Female
Arda Abramamov,aabramamovix@reverbnation.com,Female
Aldus McQuorkel,amcquorkeliy@list-manage.com,Male
Thorn Stithe,tstitheiz@opera.com,Male
Neale Franzolini,nfranzolinij0@java.com,Male
Rhona D'Aubney,rdaubneyj1@cocolog-nifty.com,Female
Roland Simmonett,rsimmonettj2@webs.com,Male
Marjy Durston,mdurstonj3@linkedin.com,Female
Ximenez Wegner,xwegnerj4@mlb.com,Male
Kayley Simoneton,ksimonetonj5@deliciousdays.com,Female
Maury Ellor,mellorj6@gmpg.org,Male
Isabeau Chell,ichellj7@cam.ac.uk,Female
Susan Alstead,salsteadj8@bing.com,Female
Padraic Souley,psouleyj9@feedburner.com,Male
Shane Pallatina,spallatinaja@yahoo.com,Female
Gram Burgwin,gburgwinjb@photobucket.com,Genderqueer
Carlyle Krier,ckrierjc@squarespace.com,Male
Rudolph Bertot,rbertotjd@youtu.be,Male
Letty Walkowski,lwalkowskije@usatoday.com,Female
Anica Baal,abaaljf@berkeley.edu,Female
Rosalyn Trevallion,rtrevallionjg@forbes.com,Female
Mervin Polden,mpoldenjh@mysql.com,Non-binary
Nara Cuffe,ncuffeji@last.fm,Female
Michaella Juden,mjudenjj@guardian.co.uk,Female
Juline Sharman,jsharmanjk@cmu.edu,Female
Elinor Mellor,emellorjl@nifty.com,Female
Skipp Gorger,sgorgerjm@shop-pro.jp,Male
Syd Tampen,stampenjn@joomla.org,Male
Sheelagh Burbudge,sburbudgejo@gravatar.com,Female
Mathilda Tingle,mtinglejp@trellian.com,Female
Alexi Brockman,abrockmanjq@ifeng.com,Female
Derrick Heaney`,dheaneyjr@infoseek.co.jp,Agender
Dael Eyeington,deyeingtonjs@elpais.com,Male
Robby Yoslowitz,ryoslowitzjt@narod.ru,Male
Hortensia Jozefczak,hjozefczakju@blog.com,Female
Ferdie McLellan,fmclellanjv@reverbnation.com,Male
Raye Annear,rannearjw@goo.gl,Female
Crin Osgarby,cosgarbyjx@eventbrite.com,Female
Addie Carnihan,acarnihanjy@privacy.gov.au,Female
Dal Paulson,dpaulsonjz@oracle.com,Male
Atlanta Basini-Gazzi,abasinigazzik0@wired.com,Female
Terri Hughesdon,thughesdonk1@t.co,Male
Edan Castleton,ecastletonk2@nationalgeographic.com,Male
Stacia Loosely,slooselyk3@1688.com,Female
Tommi Calbaithe,tcalbaithek4@spiegel.de,Female
Myles Glendining,mglendiningk5@people.com.cn,Male
Karel Brandham,kbrandhamk6@dot.gov,Male
Sibley Tuck,stuckk7@about.com,Female
Nev Chadwyck,nchadwyckk8@123-reg.co.uk,Male
Karole Mosley,kmosleyk9@ftc.gov,Female
Giorgi O'Corr,gocorrka@360.cn,Male
Dionne Tompsett,dtompsettkb@msu.edu,Female
Arluene Mawdsley,amawdsleykc@theglobeandmail.com,Female
Robinet Filpi,rfilpikd@vistaprint.com,Male
Felix Chiplen,fchiplenke@earthlink.net,Male
Brigid Hinz,bhinzkf@newyorker.com,Female
Ashlee Dugget,aduggetkg@nps.gov,Female
Brigitte Meus,bmeuskh@usatoday.com,Female
Correna Hardwich,chardwichki@mashable.com,Female
Johnath Dummett,jdummettkj@mlb.com,Female
Nananne Furlow,nfurlowkk@drupal.org,Female
Cullie Eadmeads,ceadmeadskl@lycos.com,Male
Morten Sindall,msindallkm@qq.com,Male
Sophi Folan,sfolankn@hatena.ne.jp,Female
Lyell Iacivelli,liacivelliko@parallels.com,Male
Dale Westoll,dwestollkp@ibm.com,Female
Adamo Chappelow,achappelowkq@arizona.edu,Genderqueer
Lisbeth Churchley,lchurchleykr@ow.ly,Female
Alessandra Raund,araundks@blogger.com,Female
Deni Bautiste,dbautistekt@yellowpages.com,Female
Murielle Counter,mcounterku@php.net,Female
Gil Porcas,gporcaskv@usda.gov,Male
Juliet Cotherill,jcotherillkw@homestead.com,Female
Yuma Shafier,yshafierkx@illinois.edu,Male
Marley McWard,mmcwardky@cargocollective.com,Female
Sissie Todarini,stodarinikz@ted.com,Female
Norby MacKimm,nmackimml0@barnesandnoble.com,Male
Bernardo Dewberry,bdewberryl1@wikipedia.org,Male
Sonny Ragbourn,sragbournl2@usgs.gov,Male
Othello Westrey,owestreyl3@360.cn,Male
Fairlie Rudloff,frudloffl4@archive.org,Male
Cornelius Streather,cstreatherl5@archive.org,Male
Riane Salter,rsalterl6@ucoz.ru,Female
Chancey Happs,chappsl7@wordpress.com,Male
Elfie Docherty,edochertyl8@rakuten.co.jp,Female
Dom Libbey,dlibbeyl9@ehow.com,Male
Benny Antonutti,bantonuttila@histats.com,Male
Demetris Piccop,dpiccoplb@nationalgeographic.com,Female
Hank Van Der Weedenburg,hvanlc@sakura.ne.jp,Male
Twyla Avrahamian,tavrahamianld@hp.com,Female
Lynnelle Greenley,lgreenleyle@hao123.com,Female
Alyson Gillam,agillamlf@goodreads.com,Female
Felix Suthren,fsuthrenlg@mysql.com,Male
Spencer Dods,sdodslh@parallels.com,Male
Ulrikaumeko Oldroyde,uoldroydeli@wordpress.com,Female
Bridgette Killik,bkilliklj@patch.com,Female
Cross Kytter,ckytterlk@amazonaws.com,Male
Athena Slorance,aslorancell@ebay.com,Female
Oona Mowsdell,omowsdelllm@blog.com,Female
Lorenzo Wickson,lwicksonln@usnews.com,Male
Quillan Crosgrove,qcrosgrovelo@360.cn,Male
Philly Putten,pputtenlp@studiopress.com,Female
Yulma Rizzelli,yrizzellilq@e-recht24.de,Male
Chucho Feldmark,cfeldmarklr@163.com,Male
Augusto McRobbie,amcrobbiels@yellowpages.com,Male
Chad Bedrosian,cbedrosianlt@cloudflare.com,Male
Shae Haughan,shaughanlu@dailymotion.com,Male
Gawen Poag,gpoaglv@parallels.com,Male
Caddric Whyler,cwhylerlw@unesco.org,Male
Garrot Heffernan,gheffernanlx@msu.edu,Male
Audrie Greenalf,agreenalfly@cbc.ca,Female
Daven McPhilip,dmcphiliplz@1688.com,Male
Tatum Carrick,tcarrickm0@sbwire.com,Female
Nickolai Ciccoloi,nciccoloim1@webs.com,Male
Jeannie Burdikin,jburdikinm2@taobao.com,Female
Augustine Chesswas,achesswasm3@storify.com,Female
Glen Espinel,gespinelm4@blog.com,Male
Francine Goldwater,fgoldwaterm5@hao123.com,Female
Idalia Braidon,ibraidonm6@businessweek.com,Female
Ulberto Parrott,uparrottm7@blogger.com,Male
Porty Hehir,phehirm8@facebook.com,Male
Allegra Sawell,asawellm9@tiny.cc,Female
Andee Bollard,abollardma@examiner.com,Female
Vallie Abbey,vabbeymb@histats.com,Female
Urbano Canham,ucanhammc@ask.com,Male
Kalila Milesap,kmilesapmd@odnoklassniki.ru,Female
Noni Klaes,nklaesme@slideshare.net,Genderfluid
Roseanne Sweetnam,rsweetnammf@latimes.com,Female
Rosalie Korlat,rkorlatmg@tripod.com,Female
Olav Talboy,otalboymh@issuu.com,Male
Reta MacNeil,rmacneilmi@seesaa.net,Female
Ly Liddle,lliddlemj@geocities.jp,Male
Delcine Albro,dalbromk@w3.org,Female
Caroline Malthus,cmalthusml@hhs.gov,Female
Libbi Culter,lcultermm@cnet.com,Female
Anna McGarrie,amcgarriemn@gravatar.com,Female
Bernetta Dryden,bdrydenmo@blog.com,Bigender
Nickola O'Hagan,nohaganmp@g.co,Male
Toddie Kaygill,tkaygillmq@xing.com,Male
Ivor Illing,iillingmr@webnode.com,Male
Ty Bernardon,tbernardonms@google.co.jp,Male
Hatti Eplate,heplatemt@naver.com,Female
Guy Karppi,gkarppimu@springer.com,Male
Gerrilee Brosch,gbroschmv@nationalgeographic.com,Female
Bron Sibthorpe,bsibthorpemw@wordpress.com,Male
Thibaut Boatman,tboatmanmx@newsvine.com,Male
Portia Loddon,ploddonmy@reddit.com,Genderfluid
Jacquie Sheerman,jsheermanmz@prnewswire.com,Female
Ely Duthie,eduthien0@slashdot.org,Male
Marnie Houston,mhoustonn1@homestead.com,Genderfluid
Neely Isgate,nisgaten2@uol.com.br,Female
Bryanty Flaxon,bflaxonn3@wordpress.org,Male
Danyelle Faltskog,dfaltskogn4@nih.gov,Female
Mervin Wretham,mwrethamn5@tiny.cc,Male
Ninon Palffrey,npalffreyn6@nbcnews.com,Female
Minta Berridge,mberridgen7@gravatar.com,Genderqueer
Scarlett Addison,saddisonn8@marriott.com,Female
Ferd Infantino,finfantinon9@ihg.com,Genderqueer
Davita Hardwidge,dhardwidgena@google.nl,Female
Kile Searby,ksearbynb@un.org,Male
Edvard Radborne,eradbornenc@taobao.com,Male
Zsazsa Japp,zjappnd@lycos.com,Female
Clea Rayburn,crayburnne@prnewswire.com,Female
Nathaniel Teodori,nteodorinf@soundcloud.com,Male
Tymon Mallalieu,tmallalieung@theatlantic.com,Male
Bendick Adamczewski,badamczewskinh@csmonitor.com,Male
Raine Couser,rcouserni@slideshare.net,Female
Paddy Rookesby,prookesbynj@guardian.co.uk,Male
Peadar Furbank,pfurbanknk@seattletimes.com,Male
Bradley McCaffrey,bmccaffreynl@ucla.edu,Male
Lelia Deveraux,ldeverauxnm@odnoklassniki.ru,Female
Sigismondo Pollie,spollienn@sciencedirect.com,Male
Nikolaos Gley,ngleyno@dyndns.org,Male
Charley Swigg,cswiggnp@trellian.com,Male
Ibrahim Westerman,iwestermannq@webnode.com,Male
Roze Conachy,rconachynr@google.co.uk,Female
Hadley Hockey,hhockeyns@wikimedia.org,Male
Sherilyn Treend,streendnt@uol.com.br,Female
Murdock Sabin,msabinnu@purevolume.com,Male
Sharl Sirette,ssirettenv@usgs.gov,Genderqueer
Prentice Daoust,pdaoustnw@adobe.com,Male
Rudolf Levermore,rlevermorenx@google.co.uk,Male
Tiffani Sherrell,tsherrellny@guardian.co.uk,Female
Delcine Annis,dannisnz@quantcast.com,Female
Lyssa Maso,lmasoo0@psu.edu,Female
Beauregard Boulds,bbouldso1@google.com.hk,Male
Blair Lambertson,blambertsono2@sourceforge.net,Male
Mahmud Barrowclough,mbarrowclougho3@arstechnica.com,Male
Kimberli Drinan,kdrinano4@cnn.com,Female
Terrye Billion,tbilliono5@kickstarter.com,Female
Brandtr Luipold,bluipoldo6@arstechnica.com,Genderfluid
Grantham Castelow,gcastelowo7@addtoany.com,Male
Livvie Rodd,lroddo8@netlog.com,Female
Shelton Gronaller,sgronallero9@harvard.edu,Male
Leeland Gergolet,lgergoletoa@oakley.com,Polygender
Bennie Starsmeare,bstarsmeareob@samsung.com,Female
Adi Allan,aallanoc@chicagotribune.com,Polygender
Helaine Henrichsen,hhenrichsenod@cdbaby.com,Female
Natala Rickword,nrickwordoe@com.com,Agender
Addy Chinge,achingeof@istockphoto.com,Male
Noreen Peattie,npeattieog@scientificamerican.com,Female
Morten Burbage,mburbageoh@discuz.net,Male
Reamonn Wathen,rwathenoi@europa.eu,Male
Mercie Barbosa,mbarbosaoj@sohu.com,Female
Dukey Myatt,dmyattok@exblog.jp,Male
Billye Moses,bmosesol@jigsy.com,Female
Jenn Warrick,jwarrickom@4shared.com,Female
Charmion Kunrad,ckunradon@123-reg.co.uk,Female
Rollie Playhill,rplayhilloo@edublogs.org,Male
Carny Webburn,cwebburnop@usgs.gov,Male
Brant Ling,blingoq@ehow.com,Male
Flore Geoghegan,fgeogheganor@cisco.com,Female
Xavier Toombes,xtoombesos@hc360.com,Male
Orran Basilone,obasiloneot@odnoklassniki.ru,Male
Carlyn Peaddie,cpeaddieou@wordpress.org,Agender
Eulalie MacTurlough,emacturloughov@cpanel.net,Female
Tracy Edgeon,tedgeonow@yellowbook.com,Male
Leandra Toffalo,ltoffaloox@slashdot.org,Female
Molly McLaughlan,mmclaughlanoy@cam.ac.uk,Female
Gloriana Geering,ggeeringoz@unblog.fr,Female
Tasha Ondrich,tondrichp0@usa.gov,Female
Clay Dyble,cdyblep1@gnu.org,Male
Ferdie Brimilcombe,fbrimilcombep2@ucla.edu,Male
Warde Anselmi,wanselmip3@army.mil,Male
Olive Whiffen,owhiffenp4@tumblr.com,Female
Syman Stothard,sstothardp5@bandcamp.com,Male
Diena Shrimplin,dshrimplinp6@trellian.com,Female
Alberta Anthill,aanthillp7@studiopress.com,Female
Raynell Ellerker,rellerkerp8@altervista.org,Female
Dianna Mabbett,dmabbettp9@people.com.cn,Female
Any Westmarland,awestmarlandpa@blogger.com,Male
Gwenny Pfeiffer,gpfeifferpb@over-blog.com,Female
Burt Czajka,bczajkapc@sourceforge.net,Male
Chic Itscowicz,citscowiczpd@spotify.com,Male
Mikael Jenney,mjenneype@webs.com,Male
Lainey Heeps,lheepspf@fda.gov,Female
Ruthie Gaynor,rgaynorpg@noaa.gov,Female
Nicoli Bagnell,nbagnellph@g.co,Female
Dolf Drieu,ddrieupi@soup.io,Male
Rita Yeend,ryeendpj@furl.net,Non-binary
Emlyn Slorach,eslorachpk@myspace.com,Non-binary
Abigail Millwall,amillwallpl@wikipedia.org,Agender
Scotty Jarrad,sjarradpm@nationalgeographic.com,Male
Ulrick Melpuss,umelpusspn@meetup.com,Male
Shepherd Plaice,splaicepo@youku.com,Male
Silvie Hawking,shawkingpp@sphinn.com,Female
Yul Penylton,ypenyltonpq@washingtonpost.com,Male
Desiree Dollimore,ddollimorepr@macromedia.com,Female
Leland Sutherley,lsutherleyps@vistaprint.com,Female
Padgett Gudger,pgudgerpt@pinterest.com,Male
Jase Blucher,jblucherpu@hostgator.com,Male
Tam Coakley,tcoakleypv@ftc.gov,Non-binary
Lynnett Westlake,lwestlakepw@goodreads.com,Female
Joell Doxey,jdoxeypx@google.com.hk,Female
Josh Cundey,jcundeypy@blogs.com,Male
Bart Vassel,bvasselpz@amazon.de,Male
Saundra Itzhayek,sitzhayekq0@eventbrite.com,Non-binary
Joelynn Chadwick,jchadwickq1@harvard.edu,Female
Karlee Ledwidge,kledwidgeq2@bing.com,Female
Vikki Pigott,vpigottq3@yandex.ru,Female
Joella Ferschke,jferschkeq4@ed.gov,Female
Doloritas Lanchberry,dlanchberryq5@xing.com,Female
Sianna Chamberlin,schamberlinq6@jigsy.com,Female
Elia Huggin,ehugginq7@pen.io,Male
Ardine Oglevie,aoglevieq8@reuters.com,Female
Skylar Newell,snewellq9@meetup.com,Male
Bunny Stanluck,bstanluckqa@cpanel.net,Female
Celinda Roland,crolandqb@google.com,Polygender
Keefer La Rosa,klaqc@squidoo.com,Male
Bonni Sandells,bsandellsqd@utexas.edu,Female
Fonsie Glenn,fglennqe@blogs.com,Male
Ros Santore,rsantoreqf@feedburner.com,Female
Frederigo Pigeon,fpigeonqg@freewebs.com,Male
Roldan Smithson,rsmithsonqh@jigsy.com,Male
Clarie Gettings,cgettingsqi@macromedia.com,Female
Eddi Craighall,ecraighallqj@elpais.com,Female
Kacie Southwick,ksouthwickqk@macromedia.com,Female
Cornelius McNee,cmcneeql@networksolutions.com,Male
Bax Playfoot,bplayfootqm@taobao.com,Male
Oran Lensch,olenschqn@gov.uk,Male
Fabio Herculeson,fherculesonqo@msn.com,Male
Emmett de Aguirre,edeqp@wired.com,Male
Lora Seatter,lseatterqq@mapy.cz,Female
Dick Gadesby,dgadesbyqr@un.org,Male
Merrick Bertholin,mbertholinqs@wp.com,Male
Whittaker Luker,wlukerqt@engadget.com,Male
Berte Freschi,bfreschiqu@wordpress.org,Female
Shirline Pechacek,spechacekqv@live.com,Female
Bobbe Posvner,bposvnerqw@1und1.de,Genderqueer
Feliks Beenham,fbeenhamqx@npr.org,Male
Francisco Krinks,fkrinksqy@dyndns.org,Male
Estevan Thurgood,ethurgoodqz@oakley.com,Male
Alyosha Dominka,adominkar0@4shared.com,Male
Israel Dugget,iduggetr1@illinois.edu,Male
Pincas Dillingston,pdillingstonr2@disqus.com,Male
Gardy Bonnyson,gbonnysonr3@oracle.com,Agender
Worthy Furmagier,wfurmagierr4@yolasite.com,Male
Merle Kitchiner,mkitchinerr5@cbc.ca,Genderqueer
Austine Feenan,afeenanr6@hp.com,Female
Paolina Karpenko,pkarpenkor7@geocities.com,Female
Joshua Hanne,jhanner8@statcounter.com,Male
Payton Muckian,pmuckianr9@technorati.com,Male
Theda Ruoff,truoffra@independent.co.uk,Female
Johnny Gymblett,jgymblettrb@nps.gov,Male
Sandro Caddock,scaddockrc@techcrunch.com,Male
Teri Wellman,twellmanrd@seesaa.net,Female
Frances Roncelli,froncellire@clickbank.net,Female
Homere Gutcher,hgutcherrf@kickstarter.com,Male
Hermy Palatino,hpalatinorg@cisco.com,Male
Verge Collie,vcollierh@goo.gl,Male
Aprilette Goldsbury,agoldsburyri@e-recht24.de,Female
Olivie Demko,odemkorj@cbsnews.com,Bigender
Sanson Balsillie,sbalsillierk@umich.edu,Male
Ruben Elderfield,relderfieldrl@theguardian.com,Genderfluid
Shawn Phillipps,sphillippsrm@yahoo.com,Male
Tricia Derbyshire,tderbyshirern@biblegateway.com,Female
Clemmie Stave,cstavero@cnbc.com,Female
Libbie Ayer,layerrp@nhs.uk,Female
Mohandas Doyle,mdoylerq@mayoclinic.com,Agender
Bartlett Patsall,bpatsallrr@sogou.com,Male
